pre-text,id
"['largest operators of open-loop and closed-loop retail electronic payments networks the largest operators of open-loop and closed-loop retail electronic payments networks are visa , mastercard , american express , discover , jcb and diners club .', 'with the exception of discover , which primarily operates in the united states , all of the other network operators can be considered multi- national or global providers of payments network services .', 'based on payments volume , total volume , number of transactions and number of cards in circulation , visa is the largest retail electronic payments network in the world .', 'the following chart compares our network with those of our major competitors for calendar year 2007 : company payments volume volume transactions cards ( billions ) ( billions ) ( billions ) ( millions ) visa inc. ( 1 ) .', '.', '.', '.', '.', '.', '.', '.', '.', '.', '.', '.', '.', '.', '.', '.', '.', '.', '.', '.', '.', '.', '.', '.', '.', '.', '.', '.', '.', '.', '.', '.', '.', '.', '.', '.', '.', '.', '.', '.', '$ 2457 $ 3822 50.3 1592 .']",V/2008/page_17.pdf-1
"['the acquisition date is on or after the beginning of the first annual reporting period beginning on or after december 15 , 2008 .', 'we will evaluate how the new requirements of statement no .', '141 ( r ) would impact any business combinations completed in 2009 or thereafter .', 'in december 2007 , the fasb also issued statement of financial accounting standards no .', '160 , noncontrolling interests in consolidated financial statements 2014an amendment of accounting research bulletin no .', '51 .', 'a noncontrolling interest , sometimes called a minority interest , is the portion of equity in a subsidiary not attributable , directly or indirectly , to a parent .', 'statement no .', '160 establishes accounting and reporting standards for the noncontrolling interest in a subsidiary and for the deconsolidation of a subsidiary .', 'under statement no .', '160 , noncontrolling interests in a subsidiary must be reported as a component of consolidated equity separate from the parent 2019s equity .', 'additionally , the amounts of consolidated net income attributable to both the parent and the noncontrolling interest must be reported separately on the face of the income statement .', 'statement no .', '160 is effective for fiscal years beginning on or after december 15 , 2008 and earlier adoption is prohibited .', 'we do not expect the adoption of statement no .', '160 to have a material impact on our financial statements and related disclosures .', '2008 estimates the forward-looking statements provided in this discussion are based on our examination of historical operating trends , the information that was used to prepare the december 31 , 2007 reserve reports and other data in our possession or available from third parties .', 'these forward-looking statements were prepared assuming demand , curtailment , producibility and general market conditions for our oil , natural gas and ngls during 2008 will be substantially similar to those of 2007 , unless otherwise noted .', 'we make reference to the 201cdisclosure regarding forward-looking statements 201d at the beginning of this report .', 'amounts related to canadian operations have been converted to u.s .', 'dollars using a projected average 2008 exchange rate of $ 0.98 u.s .', 'dollar to $ 1.00 canadian dollar .', 'in january 2007 , we announced our intent to divest our west african oil and gas assets and terminate our operations in west africa , including equatorial guinea , cote d 2019ivoire , gabon and other countries in the region .', 'in november 2007 , we announced an agreement to sell our operations in gabon for $ 205.5 million .', 'we are finalizing purchase and sales agreements and obtaining the necessary partner and government approvals for the remaining properties in this divestiture package .', 'we are optimistic we can complete these sales during the first half of 2008 .', 'all west african related revenues , expenses and capital will be reported as discontinued operations in our 2008 financial statements .', 'accordingly , all forward-looking estimates in the following discussion exclude amounts related to our operations in west africa , unless otherwise noted .', 'though we have completed several major property acquisitions and dispositions in recent years , these transactions are opportunity driven .', 'thus , the following forward-looking estimates do not include any financial and operating effects of potential property acquisitions or divestitures that may occur during 2008 , except for west africa as previously discussed .', 'oil , gas and ngl production set forth below are our estimates of oil , gas and ngl production for 2008 .', 'we estimate that our combined 2008 oil , gas and ngl production will total approximately 240 to 247 mmboe .', 'of this total , approximately 92% ( 92 % ) is estimated to be produced from reserves classified as 201cproved 201d at december 31 , 2007 .', 'the following estimates for oil , gas and ngl production are calculated at the midpoint of the estimated range for total production .', 'oil gas ngls total ( mmbbls ) ( bcf ) ( mmbbls ) ( mmboe ) .']",DVN/2007/page_58.pdf-2
"['net revenues include $ 3.8 billion in 2017 and $ 739 million in 2016 related to the sale of rrps , mainly driven by japan .', 'these net revenue amounts include excise taxes billed to customers .', 'excluding excise taxes , net revenues for rrps were $ 3.6 billion in 2017 and $ 733 million in 2016 .', 'in some jurisdictions , including japan , we are not responsible for collecting excise taxes .', 'in 2017 , approximately $ 0.9 billion of our $ 3.6 billion in rrp net revenues , excluding excise taxes , were from iqos devices and accessories .', 'excise taxes on products increased by $ 1.1 billion , due to : 2022 higher excise taxes resulting from changes in retail prices and tax rates ( $ 4.6 billion ) , partially offset by 2022 favorable currency ( $ 1.9 billion ) and 2022 lower excise taxes resulting from volume/mix ( $ 1.6 billion ) .', 'our cost of sales ; marketing , administration and research costs ; and operating income were as follows : for the years ended december 31 , variance .']",PM/2017/page_38.pdf-1
"['note 17 financial derivatives we use derivative financial instruments ( derivatives ) primarily to help manage exposure to interest rate , market and credit risk and reduce the effects that changes in interest rates may have on net income , fair value of assets and liabilities , and cash flows .', 'we also enter into derivatives with customers to facilitate their risk management activities .', 'derivatives represent contracts between parties that usually require little or no initial net investment and result in one party delivering cash or another type of asset to the other party based on a notional amount and an underlying as specified in the contract .', 'derivative transactions are often measured in terms of notional amount , but this amount is generally not exchanged and it is not recorded on the balance sheet .', 'the notional amount is the basis to which the underlying is applied to determine required payments under the derivative contract .', 'the underlying is a referenced interest rate ( commonly libor ) , security price , credit spread or other index .', 'residential and commercial real estate loan commitments associated with loans to be sold also qualify as derivative instruments .', 'the following table presents the notional amounts and gross fair values of all derivative assets and liabilities held by pnc : table 127 : total gross derivatives .']",PNC/2013/page_207.pdf-1
"['14 .', 'capital stock shares outstanding .', 'the following table presents information regarding capital stock: .']",CME/2017/page_97.pdf-5
"['purchase commitments the company has entered into various purchase agreements for minimum amounts of pulpwood processing and energy over periods ranging from one to twenty years at fixed prices .', 'total purchase commitments are as follows: .']",PKG/2009/page_65.pdf-4
"['note 2 2013 restructuring charges 2013 actions during 2013 , we recorded charges related to certain severance actions totaling $ 201 million , net of state tax benefits , of which $ 83 million , $ 37 million , and $ 81 million related to our information systems & global solutions ( is&gs ) , mission systems and training ( mst ) , and space systems business segments .', 'these charges reduced our net earnings by $ 130 million ( $ .40 per share ) and primarily related to a plan we committed to in november 2013 to close and consolidate certain facilities and reduce our total workforce by approximately 4000 positions within our is&gs , mst , and space systems business segments .', 'these charges also include $ 30 million related to certain severance actions at our is&gs business segment that occurred in the first quarter of 2013 , which were subsequently paid in 2013 .', 'the november 2013 plan resulted from a strategic review of these businesses 2019 facility capacity and future workload projections and is intended to better align our organization and cost structure and improve the affordability of our products and services given the continued decline in u.s .', 'government spending as well as the rapidly changing competitive and economic landscape .', 'upon separation , terminated employees will receive lump-sum severance payments primarily based on years of service .', 'during 2013 , we paid approximately $ 15 million in severance payments associated with these actions , with the remainder expected to be paid through the middle of 2015 .', 'in addition to the severance charges described above , we expect to incur accelerated and incremental costs ( e.g. , accelerated depreciation expense related to long-lived assets at the sites to be closed , relocation of equipment and other employee related costs ) of approximately $ 15 million , $ 50 million , and $ 135 million at our is&gs , mst , and space systems business segments related to the facility closures and consolidations .', 'the accelerated and incremental costs will be expensed as incurred in the respective business segment 2019s results of operations through their completion in 2015 .', 'we expect to recover a substantial amount of the restructuring charges through the pricing of our products and services to the u.s .', 'government and other customers in future periods , with the impact included in the respective business segment 2019s results of operations .', '2012 and 2011 actions during 2012 , we recorded charges related to certain severance actions totaling $ 48 million , net of state tax benefits , of which $ 25 million related to our aeronautics business segment and $ 23 million related to the reorganization of our former electronic systems business segment .', 'these charges reduced our net earnings by $ 31 million ( $ .09 per share ) and consisted of severance costs associated with the elimination of certain positions through either voluntary or involuntary actions .', 'these severance actions resulted from cost reduction initiatives to better align our organization with changing economic conditions .', 'upon separation , terminated employees received lump-sum severance payments primarily based on years of service , all of which were paid in 2013 .', 'during 2011 , we recorded charges related to certain severance actions totaling $ 136 million , net of state tax benefits , of which $ 49 million , $ 48 million , and $ 39 million related to our aeronautics , space systems , and our is&gs business segments and corporate headquarters .', 'these charges reduced our net earnings by $ 88 million ( $ .26 per share ) and consisted of severance costs associated with the elimination of certain positions through either voluntary or involuntary actions .', 'these severance actions resulted from a strategic review of these businesses and our corporate headquarters and are intended to better align our organization and cost structure with changing economic conditions .', 'the workforce reductions at the business segments also reflected changes in program lifecycles , where several of our major programs were either transitioning out of development and into production or were ending .', 'upon separation , terminated employees received lump-sum severance payments based on years of service .', 'during 2011 , we made approximately half of the severance payments associated with these 2011 severance actions , and paid the remaining amounts in 2012 .', 'note 3 2013 earnings per share the weighted average number of shares outstanding used to compute earnings per common share were as follows ( in millions ) : .']",LMT/2013/page_74.pdf-4
['impairment the following table presents net unrealized losses on securities available for sale as of december 31: .'],STT/2011/page_83.pdf-1
"['table of contents item 7 2013 management 2019s discussion and analysis of financial condition and results of operations liquidity and capital resources we recorded net earnings of $ 35.4 million or $ 1.18 per share in 2004 , compared with $ 52.2 million or $ 1.76 per share recorded in 2003 and $ 51.3 million or $ 1.86 per share in 2002 .', 'net earnings recorded in 2004 were negatively impacted by cost increases to steel and freight , as well as manufacturing inefficiencies during the first nine months of the year in our ashland city plant and higher selling , general and administrative expense ( sg&a ) .', 'while net earnings were flat in 2003 compared with 2002 , the lower earnings per share amount in 2003 as compared with 2002 reflected the full-year impact of our stock offering in may 2002 .', 'our individual segment performance will be discussed later in this section .', 'our working capital , excluding short-term debt , was $ 339.8 million at december 31 , 2004 , compared with $ 305.9 million and $ 225.1 million at december 31 , 2003 , and december 31 , 2002 , respectively .', 'the $ 33.9 million increase in 2004 reflects $ 44.9 million higher receivable balances due to longer payment terms experienced by both of our businesses as well as higher sales levels in the fourth quarter .', 'offsetting the increase in receivable balances were $ 13.5 million lower inventory levels split about equally between water systems and electrical products and $ 14.3 million higher accounts payable balances .', 'the $ 80.8 million increase in 2003 reflects $ 46.6 million higher inventory balances due primarily to extensive manufacturing repositioning in our electric motor business and several new product introductions and manufacturing consolidation in our water systems business .', 'additionally , receivable balances were $ 21.2 million higher due to price increases associated with new product introductions in our water systems business and an increase in international sales , which tend to have longer payment terms .', 'finally , a $ 13.1 million increase in accounts payable balances was largely offset by $ 9.4 million in restructuring expenses paid out in 2003 .', 'reducing working capital is one of our major initiatives in 2005 .', 'cash provided by operating activities during 2004 was $ 67.2 million compared with $ 29.0 million during 2003 and $ 116.0 million during 2002 .', 'despite lower earnings in 2004 , a smaller investment in working capital explains the majority of the improvement in cash flow compared with 2003 .', 'the higher investment in working capital in 2003 ( as discussed above ) , explains the majority of the difference between 2003 and our capital expenditures were $ 48.5 million in 2004 , essentially the same as in 2003 and approximately $ 2.2 million higher than in 2002 .', 'the increase in 2003 was associated with new product launches in our water systems business .', 'we are projecting 2005 capital expenditures to be approximately $ 55 million , essentially the same as our projected 2005 depreciation expense .', 'we believe that our present facilities and planned capital expenditures are sufficient to provide adequate capacity for our operations in 2005 .', 'in june 2004 , we completed a $ 265 million , five-year revolving credit facility with a group of eight banks .', 'the new facility expires on june 10 , 2009 , and it replaced a $ 250 million credit facility which expired on august 2 , 2004 , and was terminated on june 10 , 2004 .', 'the new facility backs up commercial paper and credit line borrowings .', 'as a result of the long-term nature of this facility , the commercial paper and credit line borrowings are now classified as long-term debt .', 'at december 31 , 2004 , we had available borrowing capacity of $ 153.9 million under this facility .', 'we believe that the combination of available borrowing capacity and operating cash flow will provide sufficient funds to finance our existing operations for the foreseeable future .', 'to take advantage of historically low long-term borrowing rates , we issued $ 50.0 million in senior notes with two insurance companies in june 2003 .', 'the notes range in maturity between 2013 and 2016 and carry a weighted average interest rate of slightly less than 4.5 percent .', 'the proceeds of the notes were used to repay commercial paper and borrowing under the credit facility .', 'our leverage , as measured by the ratio of total debt to total capitalization , was 32 percent at the end of 2004 and the end of 2003 .', 'aggregate contractual obligations a summary of our contractual obligations as of december 31 , 2004 , is as follows: .']",AOS/2004/page_11.pdf-2
"['included in the corporate and consumer loan tables above are purchased distressed loans , which are loans that have evidenced significant credit deterioration subsequent to origination but prior to acquisition by citigroup .', 'in accordance with sop 03-3 , the difference between the total expected cash flows for these loans and the initial recorded investments is recognized in income over the life of the loans using a level yield .', 'accordingly , these loans have been excluded from the impaired loan information presented above .', 'in addition , per sop 03-3 , subsequent decreases to the expected cash flows for a purchased distressed loan require a build of an allowance so the loan retains its level yield .', 'however , increases in the expected cash flows are first recognized as a reduction of any previously established allowance and then recognized as income prospectively over the remaining life of the loan by increasing the loan 2019s level yield .', 'where the expected cash flows cannot be reliably estimated , the purchased distressed loan is accounted for under the cost recovery method .', 'the carrying amount of the company 2019s purchased distressed loan portfolio at december 31 , 2010 was $ 392 million , net of an allowance of $ 77 million as of december 31 , 2010 .', 'the changes in the accretable yield , related allowance and carrying amount net of accretable yield for 2010 are as follows : in millions of dollars accretable carrying amount of loan receivable allowance .']",C/2010/page_223.pdf-3
"[""53management's discussion and analysis of financial condition and results of operations in order to borrow funds under the 5-year credit facility , the company must be in compliance with various conditions , covenants and representations contained in the agreements ."", 'the company was in compliance with the terms of the 5-year credit facility at december 31 , 2006 .', 'the company has never borrowed under its domestic revolving credit facilities .', 'utilization of the non-u.s .', ""credit facilities may also be dependent on the company's ability to meet certain conditions at the time a borrowing is requested ."", ""contractual obligations , guarantees , and other purchase commitments contractual obligations summarized in the table below are the company's obligations and commitments to make future payments under debt obligations ( assuming earliest possible exercise of put rights by holders ) , lease payment obligations , and purchase obligations as of december 31 , 2006 ."", 'payments due by period ( 1 ) ( in millions ) total 2007 2008 2009 2010 2011 thereafter .']",MSI/2006/page_61.pdf-3
"['abiomed , inc .', 'and subsidiaries notes to consolidated financial statements 2014 ( continued ) ( 7 ) commitments and contingencies the company applies the disclosure provisions of fin no .', '45 , guarantor 2019s accounting and disclosure requirements for guarantees , including guarantees of indebtedness of others , and interpretation of fasb statements no .', '5 , 57 and 107 and rescission of fasb interpretation no .', '34 ( fin no .', '45 ) to its agreements that contain guarantee or indemnification clauses .', 'these disclosure provisions expand those required by sfas no .', '5 accounting for contingencies , by requiring that guarantors disclose certain types of guarantees , even if the likelihood of requiring the guarantor 2019s performance is remote .', 'the following is a description of arrangements in which the company is a guarantor .', 'product warranties 2014the company routinely accrues for estimated future warranty costs on its product sales at the time of sale .', 'the ab5000 and bvs products are subject to rigorous regulation and quality standards .', 'operating results could be adversely effected if the actual cost of product failures exceeds the estimated warranty provision .', 'patent indemnifications 2014in many sales transactions , the company indemnifies customers against possible claims of patent infringement caused by the company 2019s products .', 'the indemnifications contained within sales contracts usually do not include limits on the claims .', 'the company has never incurred any material costs to defend lawsuits or settle patent infringement claims related to sales transactions .', 'under the provisions of fin no .', '45 , intellectual property indemnifications require disclosure only .', 'as of march 31 , 2006 , the company had entered into leases for its facilities , including its primary operating facility in danvers , massachusetts , with terms through fiscal 2010 .', 'the danvers lease may be extended , at the company 2019s option , for two successive additional periods of five years each with monthly rent charges to be determined based on then current fair rental values .', 'the company 2019s lease for its aachen location expires in august 2008 unless an option to extend for an additional four years is exercised by the company .', 'in december 2005 we closed our office facility in the netherlands , recording a charge of approximately $ 58000 for the remaining lease term .', 'total rent expense under these leases , included in the accompanying consolidated statements of operations approximated $ 821000 , $ 824000 and $ 1262000 for the fiscal years ended march 31 , 2004 , 2005 and 2006 , respectively .', 'future minimum lease payments under all significant non-cancelable operating leases as of march 31 , 2006 are approximately as follows ( in thousands ) : fiscal year ending march 31 , operating leases .']",ABMD/2006/page_75.pdf-1
"['backlog applied manufactures systems to meet demand represented by order backlog and customer commitments .', 'backlog consists of : ( 1 ) orders for which written authorizations have been accepted and assigned shipment dates are within the next 12 months , or shipment has occurred but revenue has not been recognized ; and ( 2 ) contractual service revenue and maintenance fees to be earned within the next 12 months .', 'backlog by reportable segment as of october 27 , 2013 and october 28 , 2012 was as follows : 2013 2012 ( in millions , except percentages ) .']",AMAT/2013/page_18.pdf-2
"['devon energy corporation and subsidiaries notes to consolidated financial statements 2013 ( continued ) asset divestitures in conjunction with the asset divestitures in 2013 and 2014 , devon removed $ 26 million and $ 706 million of goodwill , respectively , which were allocated to these assets .', 'impairment devon 2019s canadian goodwill was originally recognized in 2001 as a result of a business combination consisting almost entirely of conventional gas assets that devon no longer owns .', 'as a result of performing the goodwill impairment test described in note 1 , devon concluded the implied fair value of its canadian goodwill was zero as of december 31 , 2014 .', 'this conclusion was largely based on the significant decline in benchmark oil prices , particularly after opec 2019s decision not to reduce its production targets that was announced in late november 2014 .', 'consequently , in the fourth quarter of 2014 , devon wrote off its remaining canadian goodwill and recognized a $ 1.9 billion impairment .', 'other intangible assets as of december 31 , 2014 , intangible assets associated with customer relationships had a gross carrying amount of $ 569 million and $ 36 million of accumulated amortization .', 'the weighted-average amortization period for the customer relationships is 13.7 years .', 'amortization expense for intangibles was approximately $ 36 million for the year ended december 31 , 2014 .', 'other intangible assets are reported in other long-term assets in the accompanying consolidated balance sheets .', 'the following table summarizes the estimated aggregate amortization expense for the next five years .', 'year amortization amount ( in millions ) .']",DVN/2014/page_85.pdf-1
['72 s&p global 2018 annual report .'],SPGI/2018/page_74.pdf-1
"['american tower corporation and subsidiaries notes to consolidated financial statements 2014 ( continued ) at december 31 , 2005 , the company had net federal and state operating loss carryforwards available to reduce future taxable income of approximately $ 2.2 billion and $ 2.4 billion , respectively .', 'if not utilized , the company 2019s net operating loss carryforwards expire as follows ( in thousands ) : .']",AMT/2005/page_105.pdf-2
"['entergy corporation and subsidiaries notes to financial statements ( a ) consists of pollution control revenue bonds and environmental revenue bonds , some of which are secured by collateral first mortgage bonds .', '( b ) these notes do not have a stated interest rate , but have an implicit interest rate of 4.8% ( 4.8 % ) .', '( c ) pursuant to the nuclear waste policy act of 1982 , entergy 2019s nuclear owner/licensee subsidiaries have contracts with the doe for spent nuclear fuel disposal service .', 'the contracts include a one-time fee for generation prior to april 7 , 1983 .', 'entergy arkansas is the only entergy company that generated electric power with nuclear fuel prior to that date and includes the one-time fee , plus accrued interest , in long-term debt .', '( d ) see note 10 to the financial statements for further discussion of the waterford 3 and grand gulf lease obligations .', '( e ) the fair value excludes lease obligations of $ 109 million at entergy louisiana and $ 34 million at system energy , long-term doe obligations of $ 181 million at entergy arkansas , and the note payable to nypa of $ 35 million at entergy , and includes debt due within one year .', 'fair values are classified as level 2 in the fair value hierarchy discussed in note 16 to the financial statements and are based on prices derived from inputs such as benchmark yields and reported trades .', 'the annual long-term debt maturities ( excluding lease obligations and long-term doe obligations ) for debt outstanding as of december 31 , 2015 , for the next five years are as follows : amount ( in thousands ) .']",ETR/2015/page_131.pdf-1
"['net revenues include $ 3.8 billion in 2017 and $ 739 million in 2016 related to the sale of rrps , mainly driven by japan .', 'these net revenue amounts include excise taxes billed to customers .', 'excluding excise taxes , net revenues for rrps were $ 3.6 billion in 2017 and $ 733 million in 2016 .', 'in some jurisdictions , including japan , we are not responsible for collecting excise taxes .', 'in 2017 , approximately $ 0.9 billion of our $ 3.6 billion in rrp net revenues , excluding excise taxes , were from iqos devices and accessories .', 'excise taxes on products increased by $ 1.1 billion , due to : 2022 higher excise taxes resulting from changes in retail prices and tax rates ( $ 4.6 billion ) , partially offset by 2022 favorable currency ( $ 1.9 billion ) and 2022 lower excise taxes resulting from volume/mix ( $ 1.6 billion ) .', 'our cost of sales ; marketing , administration and research costs ; and operating income were as follows : for the years ended december 31 , variance .']",PM/2017/page_38.pdf-3
"['table of contents the estimated amortization expense at september 26 , 2015 for each of the five succeeding fiscal years was as follows: .']",HOLX/2015/page_98.pdf-2
['payments ( receipts ) ( in millions ) .'],ETR/2017/page_114.pdf-2
"['the aes corporation notes to consolidated financial statements 2014 ( continued ) december 31 , 2016 , 2015 , and 2014 the following is a reconciliation of the beginning and ending amounts of unrecognized tax benefits for the periods indicated ( in millions ) : .']",AES/2016/page_191.pdf-3
"['before the purchase in november 2008 , the units will be reflected in diluted earnings per share calculations using the treasury stock method as defined by sfas no .', '128 , earnings per share .', 'under this method , the number of shares of common stock used in calculating diluted earnings per share ( based on the settlement formula applied at the end of the reporting period ) is deemed to be increased by the excess , if any , of the number of shares that would be issued upon settlement of the purchase contracts less the number of shares that could be purchased by the company in the market at the average market price during the period using the proceeds to be received upon settlement .', 'therefore , dilution will occur for periods when the average market price of the company 2019s common stock for the reporting period is above $ 21.816 .', 'senior secured revolving credit facility in september 2005 , the company entered into a $ 250 million , three-year senior secured revolving credit facility .', 'as a result of the citadel investment in november 2007 , the facility was terminated and all unamortized debt issuance costs were expensed .', 'corporate debt covenants certain of the company 2019s corporate debt described above have terms which include customary financial covenants .', 'as of december 31 , 2007 , the company was in compliance with all such covenants .', 'early extinguishment of debt in 2006 , the company called the entire remaining $ 185.2 million principal amount of its 6% ( 6 % ) notes for redemption .', 'the company recorded a $ 0.7 million loss on early extinguishment of debt relating to the write-off of the unamortized debt offering costs .', 'the company did not have any early extinguishments of debt in 2005 .', 'other corporate debt the company also has multiple term loans from financial institutions .', 'these loans are collateralized by equipment and are included within other borrowings on the consolidated balance sheet .', 'see note 14 2014securities sold under agreement to repurchase and other borrowings .', 'future maturities of corporate debt scheduled principal payments of corporate debt as of december 31 , 2007 are as follows ( dollars in thousands ) : years ending december 31 .']",ETFC/2007/page_126.pdf-3
"['masco corporation notes to consolidated financial statements ( continued ) h .', 'goodwill and other intangible assets ( continued ) goodwill at december 31 , accumulated impairment losses goodwill at december 31 , 2010 additions ( a ) discontinued operations ( b ) pre-tax impairment charge other ( c ) goodwill at december 31 , cabinets and related products .', '.', '.', '.', '.', '.', '.', '.', '.', '.', '.', '$ 587 $ ( 364 ) $ 223 $ 2014 $ 2014 $ ( 44 ) $ 2 $ 181 .']",MAS/2012/page_70.pdf-1
"['performance and revenue growth depends , in part , on the reliability and functionality of this infrastructure as a means of delivering human resources services .', 'the internet is a key mechanism for delivering our human resources services to our hr solutions clients efficiently and cost effectively .', 'our clients may not be receptive to human resource services delivered over the internet due to concerns regarding transaction security , user privacy , the reliability and quality of internet service and other reasons .', 'our clients 2019 concerns may be heightened by the fact we use the internet to transmit extremely confidential information about our clients and their employees , such as compensation , medical information and other personally identifiable information .', 'in order to maintain the level of security , service and reliability that our clients require , we may be required to make significant investments in our online methods of delivering human resources services .', 'in addition , websites and proprietary online services have experienced service interruptions and other delays occurring throughout their infrastructure .', 'the adoption of additional laws or regulations with respect to the internet may impede the efficiency of the internet as a medium of exchange of information and decrease the demand for our services .', 'if we cannot use the internet effectively to deliver our services , our revenue growth and results of operation may be impaired .', 'we may lose client data as a result of major catastrophes and other similar problems that may materially adversely impact our operations .', 'we have multiple processing centers around the world that use various commercial methods for disaster recovery capabilities .', 'our main data processing center is located near the aon hewitt headquarters in lincolnshire , illinois .', 'in the event of a disaster , our business continuity may not be sufficient , and the data recovered may not be sufficient for the administration of our clients 2019 human resources programs and processes .', 'item 1b .', 'unresolved staff comments .', 'item 2 .', 'properties .', 'we have offices in various locations throughout the world .', 'substantially all of our offices are located in leased premises .', 'we maintain our corporate headquarters at 200 e .', 'randolph street in chicago , illinois , where we occupy approximately 327000 square feet of space under an operating lease agreement that expires in 2013 .', 'there are two five-year renewal options at current market rates .', 'we own one building at pallbergweg 2-4 , amsterdam , the netherlands ( 150000 square feet ) .', 'the following are additional significant leased properties , along with the occupied square footage and expiration. .']",AON/2010/page_28.pdf-1
"['part ii item 5 2014market for registrant 2019s common equity and related stockholder matters market information .', 'the common stock of the company is currently traded on the new york stock exchange ( nyse ) under the symbol 2018 2018aes . 2019 2019 the following tables set forth the high and low sale prices for the common stock as reported by the nyse for the periods indicated .', 'price range of common stock .']",AES/2002/page_46.pdf-4
"['in addition to the committed credit facilities discussed above , certain of our subsidiaries maintain short-term credit arrangements to meet their respective working capital needs .', 'these credit arrangements , which amounted to approximately $ 2.9 billion at december 31 , 2015 , and $ 3.2 billion at december 31 , 2014 , are for the sole use of our subsidiaries .', 'borrowings under these arrangements amounted to $ 825 million at december 31 , 2015 , and $ 1.2 billion at december 31 , 2014 .', 'commercial paper program 2013 we have commercial paper programs in place in the u.s .', 'and in europe .', 'at december 31 , 2015 and december 31 , 2014 , we had no commercial paper outstanding .', 'effective april 19 , 2013 , our commercial paper program in the u.s .', 'was increased by $ 2.0 billion .', 'as a result , our commercial paper programs in place in the u.s .', 'and in europe currently have an aggregate issuance capacity of $ 8.0 billion .', 'we expect that the existence of the commercial paper program and the committed credit facilities , coupled with our operating cash flows , will enable us to meet our liquidity requirements .', 'sale of accounts receivable 2013 to mitigate credit risk and enhance cash and liquidity management we sell trade receivables to unaffiliated financial institutions .', 'these arrangements allow us to sell , on an ongoing basis , certain trade receivables without recourse .', 'the trade receivables sold are generally short-term in nature and are removed from the consolidated balance sheets .', 'we sell trade receivables under two types of arrangements , servicing and non-servicing .', 'pmi 2019s operating cash flows were positively impacted by the amount of the trade receivables sold and derecognized from the consolidated balance sheets , which remained outstanding with the unaffiliated financial institutions .', 'the trade receivables sold that remained outstanding under these arrangements as of december 31 , 2015 , 2014 and 2013 were $ 888 million , $ 120 million and $ 146 million , respectively .', 'the net proceeds received are included in cash provided by operating activities in the consolidated statements of cash flows .', 'for further details , see item 8 , note 23 .', 'sale of accounts receivable to our consolidated financial statements .', 'debt 2013 our total debt was $ 28.5 billion at december 31 , 2015 , and $ 29.5 billion at december 31 , 2014 .', 'our total debt is primarily fixed rate in nature .', 'for further details , see item 8 , note 7 .', 'indebtedness .', 'the weighted-average all-in financing cost of our total debt was 3.0% ( 3.0 % ) in 2015 , compared to 3.2% ( 3.2 % ) in 2014 .', 'see item 8 , note 16 .', 'fair value measurements to our consolidated financial statements for a discussion of our disclosures related to the fair value of debt .', 'the amount of debt that we can issue is subject to approval by our board of directors .', 'on february 21 , 2014 , we filed a shelf registration statement with the u.s .', 'securities and exchange commission , under which we may from time to time sell debt securities and/or warrants to purchase debt securities over a three-year period .', 'our debt issuances in 2015 were as follows : ( in millions ) type face value interest rate issuance maturity u.s .', 'dollar notes ( a ) $ 500 1.250% ( 1.250 % ) august 2015 august 2017 u.s .', 'dollar notes ( a ) $ 750 3.375% ( 3.375 % ) august 2015 august 2025 ( a ) interest on these notes is payable annually in arrears beginning in february 2016 .', 'the net proceeds from the sale of the securities listed in the table above will be used for general corporate purposes .', 'the weighted-average time to maturity of our long-term debt was 10.8 years at the end of 2014 and 10.5 years at the end of 2015 .', '2022 off-balance sheet arrangements and aggregate contractual obligations we have no off-balance sheet arrangements , including special purpose entities , other than guarantees and contractual obligations discussed below. .']",PM/2015/page_85.pdf-1
"['the following performance graph shows the cumulative total return to a holder of the company 2019s common stock , assuming dividend reinvestment , compared with the cumulative total return , assuming dividend reinvestment , of the standard & poor ( ""s&p"" ) 500 index and the dow jones us financials index during the period from december 31 , 2009 through december 31 , 2014. .']",ETFC/2014/page_26.pdf-2
"['z i m m e r h o l d i n g s , i n c .', 'a n d s u b s i d i a r i e s 2 0 0 3 f o r m 1 0 - k the following table sets forth the operating profit margin by cost of products sold .', 'included in cost of product sold are segment for the years ended december 31 , 2003 , losses on foreign exchange hedge contracts , which increased 2002 and 2001 : in 2003 relative to 2002 .', 'in the fourth quarter , the company reported operating profit as a percent of net sales of percent of net sales 47.1 percent for asia pacific. .']",ZBH/2003/page_40.pdf-1
"['table of contents liquidity and capital resources the following table presents selected financial information and statistics as of and for the years ended september 27 , 2014 , september 28 , 2013 and september 29 , 2012 ( in millions ) : the company believes its existing balances of cash , cash equivalents and marketable securities will be sufficient to satisfy its working capital needs , capital asset purchases , outstanding commitments and other liquidity requirements associated with its existing operations over the next 12 months .', 'to provide additional flexibility in managing liquidity , the company began accessing the commercial paper markets in the third quarter of 2014 .', 'the company currently anticipates the cash used for future dividends and the share repurchase program will come from its current domestic cash , cash generated from on-going u.s .', 'operating activities and from borrowings .', 'as of september 27 , 2014 and september 28 , 2013 , $ 137.1 billion and $ 111.3 billion , respectively , of the company 2019s cash , cash equivalents and marketable securities were held by foreign subsidiaries and are generally based in u.s .', 'dollar-denominated holdings .', 'amounts held by foreign subsidiaries are generally subject to u.s .', 'income taxation on repatriation to the u.s .', 'the company 2019s marketable securities investment portfolio is invested primarily in highly-rated securities and its investment policy generally limits the amount of credit exposure to any one issuer .', 'the policy requires investments generally to be investment grade with the objective of minimizing the potential risk of principal loss .', 'during 2014 , cash generated from operating activities of $ 59.7 billion was a result of $ 39.5 billion of net income , non-cash adjustments to net income of $ 13.2 billion and an increase in net change in operating assets and liabilities of $ 7.0 billion .', 'cash used in investing activities of $ 22.6 billion during 2014 consisted primarily of cash used for purchases of marketable securities , net of sales and maturities , of $ 9.0 billion ; cash used to acquire property , plant and equipment of $ 9.6 billion ; and cash paid for business acquisitions , net of cash acquired , of $ 3.8 billion .', 'cash used in financing activities of $ 37.5 billion during 2014 consisted primarily of cash used to repurchase common stock of $ 45.0 billion and cash used to pay dividends and dividend equivalents of $ 11.1 billion , partially offset by net proceeds from the issuance of long-term debt and commercial paper of $ 12.0 billion and $ 6.3 billion , respectively .', 'during 2013 , cash generated from operating activities of $ 53.7 billion was a result of $ 37.0 billion of net income , non-cash adjustments to net income of $ 10.2 billion and an increase in net change in operating assets and liabilities of $ 6.5 billion .', 'cash used in investing activities of $ 33.8 billion during 2013 consisted primarily of cash used for purchases of marketable securities , net of sales and maturities , of $ 24.0 billion and cash used to acquire property , plant and equipment of $ 8.2 billion .', 'cash used in financing activities of $ 16.4 billion during 2013 consisted primarily of cash used to repurchase common stock of $ 22.9 billion and cash used to pay dividends and dividend equivalents of $ 10.6 billion , partially offset by net proceeds from the issuance of long-term debt of $ 16.9 billion .', 'apple inc .', '| 2014 form 10-k | 35 .']",AAPL/2014/page_38.pdf-3
"['entergy corporation notes to consolidated financial statements ( a ) consists of pollution control revenue bonds and environmental revenue bonds , certain series of which are secured by non-interest bearing first mortgage bonds .', '( b ) the bonds are subject to mandatory tender for purchase from the holders at 100% ( 100 % ) of the principal amount outstanding on september 1 , 2005 and can then be remarketed .', '( c ) the bonds are subject to mandatory tender for purchase from the holders at 100% ( 100 % ) of the principal amount outstanding on september 1 , 2004 and can then be remarketed .', '( d ) the bonds had a mandatory tender date of october 1 , 2003 .', 'entergy louisiana purchased the bonds from the holders , pursuant to the mandatory tender provision , and has not remarketed the bonds at this time .', 'entergy louisiana used a combination of cash on hand and short-term borrowing to buy-in the bonds .', '( e ) on june 1 , 2002 , entergy louisiana remarketed $ 55 million st .', 'charles parish pollution control revenue refunding bonds due 2030 , resetting the interest rate to 4.9% ( 4.9 % ) through may 2005 .', '( f ) the bonds are subject to mandatory tender for purchase from the holders at 100% ( 100 % ) of the principal amount outstanding on june 1 , 2005 and can then be remarketed .', ""( g ) pursuant to the nuclear waste policy act of 1982 , entergy's nuclear owner/licensee subsidiaries have contracts with the doe for spent nuclear fuel disposal service ."", 'the contracts include a one-time fee for generation prior to april 7 , 1983 .', 'entergy arkansas is the only entergy company that generated electric power with nuclear fuel prior to that date and includes the one-time fee , plus accrued interest , in long-term ( h ) the fair value excludes lease obligations , long-term doe obligations , and other long-term debt and includes debt due within one year .', 'it is determined using bid prices reported by dealer markets and by nationally recognized investment banking firms .', 'the annual long-term debt maturities ( excluding lease obligations ) for debt outstanding as of december 31 , 2003 , for the next five years are as follows: .']",ETR/2003/page_84.pdf-2
"['2011 compared to 2010 mst 2019s net sales for 2011 decreased $ 311 million , or 4% ( 4 % ) , compared to 2010 .', 'the decrease was attributable to decreased volume of approximately $ 390 million for certain ship and aviation system programs ( primarily maritime patrol aircraft and ptds ) and approximately $ 75 million for training and logistics solutions programs .', 'partially offsetting these decreases was higher sales of about $ 165 million from production on the lcs program .', 'mst 2019s operating profit for 2011 decreased $ 68 million , or 10% ( 10 % ) , compared to 2010 .', 'the decrease was attributable to decreased operating profit of approximately $ 55 million as a result of increased reserves for contract cost matters on various ship and aviation system programs ( including the terminated presidential helicopter program ) and approximately $ 40 million due to lower volume and increased reserves on training and logistics solutions .', 'partially offsetting these decreases was higher operating profit of approximately $ 30 million in 2011 primarily due to the recognition of reserves on certain undersea systems programs in 2010 .', 'adjustments not related to volume , including net profit rate adjustments described above , were approximately $ 55 million lower in 2011 compared to 2010 .', 'backlog backlog increased in 2012 compared to 2011 mainly due to increased orders on ship and aviation system programs ( primarily mh-60 and lcs ) , partially offset decreased orders and higher sales volume on integrated warfare systems and sensors programs ( primarily aegis ) .', 'backlog decreased slightly in 2011 compared to 2010 primarily due to higher sales volume on various integrated warfare systems and sensors programs .', 'trends we expect mst 2019s net sales to decline in 2013 in the low single digit percentage range as compared to 2012 due to the completion of ptds deliveries in 2012 and expected lower volume on training services programs .', 'operating profit and margin are expected to increase slightly from 2012 levels primarily due to anticipated improved contract performance .', 'space systems our space systems business segment is engaged in the research and development , design , engineering , and production of satellites , strategic and defensive missile systems , and space transportation systems .', 'space systems is also responsible for various classified systems and services in support of vital national security systems .', 'space systems 2019 major programs include the space-based infrared system ( sbirs ) , advanced extremely high frequency ( aehf ) system , mobile user objective system ( muos ) , global positioning satellite ( gps ) iii system , geostationary operational environmental satellite r-series ( goes-r ) , trident ii d5 fleet ballistic missile , and orion .', 'operating results for our space systems business segment include our equity interests in united launch alliance ( ula ) , which provides expendable launch services for the u.s .', 'government , united space alliance ( usa ) , which provided processing activities for the space shuttle program and is winding down following the completion of the last space shuttle mission in 2011 , and a joint venture that manages the u.k . 2019s atomic weapons establishment program .', 'space systems 2019 operating results included the following ( in millions ) : .']",LMT/2012/page_47.pdf-3
"['divestiture of our arrow and moores businesses , and an unfavorable sales mix of international plumbing products , which , in aggregate , decreased sales by two percent .', ""net sales for 2016 were positively affected by increased sales volume of plumbing products , paints and other coating products and builders' hardware ."", 'net sales for 2016 were also positively affected by favorable sales mix of cabinets and windows , and net selling price increases of north american windows and north american and international plumbing products .', 'net sales for 2016 were negatively affected by lower sales volume of cabinets and lower net selling prices of paints and other coating products .', 'our gross profit margins were 32.2 percent , 34.2 percent and 33.4 percent in 2018 , 2017 and 2016 , respectively .', 'the 2018 gross profit margin was negatively impacted by an increase in commodity costs , the recognition of the inventory step up adjustment established as a part of the the acquisition of kichler , an increase in other expenses ( such as logistics costs and salaries ) and unfavorable sales mix .', 'these negative impacts were partially offset by an increase in net selling prices , the benefits associated with cost savings initiatives , and increased sales volume .', 'the 2017 gross profit margin was positively impacted by increased sales volume , a more favorable relationship between net selling prices and commodity costs , and cost savings initiatives .', 'selling , general and administrative expenses as a percent of sales were 17.7 percent in 2018 compared with 18.6 percent in 2017 and 18.7 percent in 2016 .', 'the decrease in selling , general and administrative expenses , as a percentage of sales , was driven by leverage of fixed expenses , due primarily to increased sales volume , and improved cost control .', 'the following table reconciles reported operating profit to operating profit , as adjusted to exclude certain items , dollars in millions: .']",MAS/2018/page_35.pdf-3
['sysco corporation a0- a0form a010-k 3 part a0i item a01 a0business we estimate that our sales by type of customer during the past three fiscal years were as follows: .'],SYY/2019/page_9.pdf-2
"['entergy corporation notes to consolidated financial statements ( d ) the bonds are subject to mandatory tender for purchase from the holders at 100% ( 100 % ) of the principal amount outstanding on october 1 , 2003 and will then be remarketed .', '( e ) on june 1 , 2002 , entergy louisiana remarketed $ 55 million st .', 'charles parish pollution control revenue refunding bonds due 2030 , resetting the interest rate to 4.9% ( 4.9 % ) through may 2005 .', '( f ) the bonds are subject to mandatory tender for purchase from the holders at 100% ( 100 % ) of the principal amount outstanding on june 1 , 2005 and will then be remarketed .', '( g ) the fair value excludes lease obligations , long-term doe obligations , and other long-term debt and includes debt due within one year .', 'it is determined using bid prices reported by dealer markets and by nationally recognized investment banking firms .', 'the annual long-term debt maturities ( excluding lease obligations ) and annual cash sinking fund requirements for debt outstanding as of december 31 , 2002 , for the next five years are as follows ( in thousands ) : .']",ETR/2002/page_86.pdf-3
"['z i m m e r h o l d i n g s , i n c .', 'a n d s u b s i d i a r i e s 2 0 0 3 f o r m 1 0 - k notes to consolidated financial statements ( continued ) the unaudited pro forma results for 2003 include events or changes in circumstances indicate that the carrying $ 90.4 million of expense related to centerpulse hip and knee value of an asset may not be recoverable .', 'an impairment loss litigation , $ 54.4 million of cash income tax benefits as a result would be recognized when estimated future cash flows of centerpulse electing to carry back its 2002 u.s .', 'federal net relating to the asset are less than its carrying amount .', 'operating loss for 5 years versus 10 years , which resulted in depreciation of instruments is recognized as selling , general more losses being carried forward to future years and less and administrative expense , consistent with the classification tax credits going unutilized due to the shorter carry back of instrument cost in periods prior to january 1 , 2003 .', 'period and an $ 8.0 million gain on sale of orquest inc. , an prior to january 1 , 2003 , undeployed instruments were investment previously held by centerpulse .', 'the unaudited carried as a prepaid expense at cost , net of allowances for pro forma results are not necessarily indicative either of the obsolescence ( $ 54.8 million , net , at december 31 , 2002 ) , and results of operations that actually would have resulted had recognized in selling , general and administrative expense in the exchange offers been in effect at the beginning of the the year in which the instruments were placed into service .', 'respective years or of future results .', 'the new method of accounting for instruments was adopted to recognize the cost of these important assets of the transfx company 2019s business within the consolidated balance sheet on june 25 , 2003 , the company acquired the transfx and meaningfully allocate the cost of these assets over the external fixation system product line from immedica , inc .', 'periods benefited , typically five years .', 'for approximately $ 14.8 million cash , which has been the effect of the change during the year ended allocated primarily to goodwill and technology based december 31 , 2003 was to increase earnings before intangible assets .', 'the company has sold the transfx cumulative effect of change in accounting principle by product line since early 2001 under a distribution agreement $ 26.8 million ( $ 17.8 million net of tax ) , or $ 0.08 per diluted with immedica .', 'share .', 'the cumulative effect adjustment of $ 55.1 million ( net of income taxes of $ 34.0 million ) to retroactively apply the implex corp .', 'new capitalization method as if applied in years prior to 2003 on march 2 , 2004 , the company entered into an is included in earnings during the year ended december 31 , amended and restated merger agreement relating to the 2003 .', 'the pro forma amounts shown on the consolidated acquisition of implex corp .', '( 2018 2018implex 2019 2019 ) , a privately held statement of earnings have been adjusted for the effect of orthopaedics company based in new jersey , for cash .', 'each the retroactive application on depreciation and related share of implex stock will be converted into the right to income taxes .', 'receive cash having an aggregate value of approximately $ 108.0 million at closing and additional cash earn-out 5 .', 'inventories payments that are contingent on the growth of implex inventories at december 31 , 2003 and 2002 , consist of product sales through 2006 .', 'the net value transferred at the following ( in millions ) : closing will be approximately $ 89 million , which includes .']",ZBH/2003/page_58.pdf-1
"['part ii item 5 .', 'market for registrant 2019s common equity , related stockholder matters and issuer purchases of equity securities the following table presents reported quarterly high and low per share sale prices of our common stock on the new york stock exchange ( 201cnyse 201d ) for the years 2010 and 2009. .']",AMT/2010/page_34.pdf-2
"[""entergy corporation and subsidiaries management's financial discussion and analysis the decrease in interest income in 2002 was primarily due to : fffd interest recognized in 2001 on grand gulf 1's decommissioning trust funds resulting from the final order addressing system energy's rate proceeding ; fffd interest recognized in 2001 at entergy mississippi and entergy new orleans on the deferred system energy costs that were not being recovered through rates ; and fffd lower interest earned on declining deferred fuel balances ."", ""the decrease in interest charges in 2002 is primarily due to : fffd a decrease of $ 31.9 million in interest on long-term debt primarily due to the retirement of long-term debt in late 2001 and early 2002 ; and fffd a decrease of $ 76.0 million in other interest expense primarily due to interest recorded on system energy's reserve for rate refund in 2001 ."", 'the refund was made in december 2001 .', '2001 compared to 2000 results for the year ended december 31 , 2001 for u.s .', 'utility were also affected by an increase in interest charges of $ 61.5 million primarily due to : fffd the final ferc order addressing the 1995 system energy rate filing ; fffd debt issued at entergy arkansas in july 2001 , at entergy gulf states in june 2000 and august 2001 , at entergy mississippi in january 2001 , and at entergy new orleans in july 2000 and february 2001 ; and fffd borrowings under credit facilities during 2001 , primarily at entergy arkansas .', 'non-utility nuclear the increase in earnings in 2002 for non-utility nuclear from $ 128 million to $ 201 million was primarily due to the operation of indian point 2 and vermont yankee , which were purchased in september 2001 and july 2002 , respectively .', 'the increase in earnings in 2001 for non-utility nuclear from $ 49 million to $ 128 million was primarily due to the operation of fitzpatrick and indian point 3 for a full year , as each was purchased in november 2000 , and the operation of indian point 2 , which was purchased in september 2001 .', 'following are key performance measures for non-utility nuclear: .']",ETR/2002/page_24.pdf-1
"['republic services , inc .', 'notes to consolidated financial statements 2014 ( continued ) 16 .', 'financial instruments fuel hedges we have entered into multiple swap agreements designated as cash flow hedges to mitigate some of our exposure related to changes in diesel fuel prices .', 'these swaps qualified for , and were designated as , effective hedges of changes in the prices of forecasted diesel fuel purchases ( fuel hedges ) .', 'the following table summarizes our outstanding fuel hedges as of december 31 , 2016 : year gallons hedged weighted average contract price per gallon .']",RSG/2016/page_144.pdf-1
"['software and will give the company a comprehensive design-to-silicon flow that links directly into the semiconductor manufacturing process .', 'integrating hpl 2019s yield management and test chip technologies into the company 2019s industry-leading dfm portfolio is also expected to enable customers to increase their productivity and improve profitability in the design and manufacture of advanced semiconductor devices .', 'purchase price .', 'the company paid $ 11.0 million in cash for all outstanding shares of hpl .', 'in addition , the company had a prior investment in hpl of approximately $ 1.9 million .', 'the total purchase consideration consisted of: .']",SNPS/2006/page_69.pdf-2
"['the following table summarizes our future estimated cash payments under existing contractual obligations , including payments due by period: .']",GIS/2019/page_37.pdf-3
"['the following table presents var with respect to our trading activities , as measured by our var methodology for the periods indicated : value-at-risk .']",STT/2008/page_83.pdf-2
"[""the aes corporation notes to consolidated financial statements december 31 , 2016 , 2015 , and 2014 the following table summarizes the company's redeemable stock of subsidiaries balances as of the periods indicated ( in millions ) : .""]",AES/2016/page_185.pdf-4
"['stockholder return performance graphs the following graph compares the cumulative 5-year total stockholder return on our common stock relative to the cumulative total return of the nasdaq composite index and the s&p 400 information technology index .', 'the graph assumes that the value of the investment in our common stock and in each index ( including reinvestment of dividends ) was $ 100 on december 29 , 2007 and tracks it through december 29 , 2012 .', 'comparison of 5 year cumulative total return* among cadence design systems , inc. , the nasdaq composite index , and s&p 400 information technology cadence design systems , inc .', 'nasdaq composite s&p 400 information technology 12/29/1212/31/111/1/111/2/101/3/0912/29/07 *$ 100 invested on 12/29/07 in stock or 12/31/07 in index , including reinvestment of dividends .', 'indexes calculated on month-end basis .', 'copyright a9 2013 s&p , a division of the mcgraw-hill companies inc .', 'all rights reserved. .']",CDNS/2012/page_30.pdf-4
"['item 2 : properties information concerning applied 2019s principal properties at october 26 , 2014 is set forth below : location type principal use square footage ownership santa clara , ca .', '.', '.', '.', '.', '.', '.', '.', '.', '.', '.', 'office , plant & warehouse headquarters ; marketing ; manufacturing ; distribution ; research , development , engineering ; customer support 1358000 164000 leased austin , tx .', '.', '.', '.', '.', '.', '.', '.', '.', '.', '.', '.', '.', '.', '.', 'office , plant & warehouse manufacturing 1676000 145000 leased rehovot , israel .', '.', '.', '.', '.', '.', '.', '.', '.', '.', '.', 'office , plant & warehouse manufacturing ; research , development , engineering ; customer support 381000 leased singapore .', '.', '.', '.', '.', '.', '.', '.', '.', '.', '.', '.', '.', '.', '.', 'office , plant & warehouse manufacturing and customer support 408000 11000 leased gloucester , ma .', '.', '.', '.', '.', '.', '.', '.', '.', '.', '.', 'office , plant & warehouse manufacturing ; research , development , engineering ; customer support 315000 125000 leased tainan , taiwan .', '.', '.', '.', '.', '.', '.', '.', '.', '.', '.', 'office , plant & warehouse manufacturing and customer support 320000 owned because of the interrelation of applied 2019s operations , properties within a country may be shared by the segments operating within that country .', 'products in the silicon systems group are manufactured in austin , texas ; singapore ; gloucester , massachusetts ; and rehovot , israel .', 'remanufactured equipment products in the applied global services segment are produced primarily in austin , texas .', 'products in the display segment are manufactured in tainan , taiwan and santa clara , california .', 'products in the energy and environmental solutions segment are primarily manufactured in alzenau , germany ; treviso , italy ; and cheseaux , switzerland .', 'in addition to the above properties , applied also owns and leases offices , plants and/or warehouse locations in 75 locations throughout the world : 16 in europe , 20 in japan , 16 in north america ( principally the united states ) , 7 in china , 3 in india , 7 in korea , 3 in southeast asia , and 3 in taiwan .', 'these facilities are principally used for manufacturing ; research , development and engineering ; and marketing , sales and/or customer support .', 'applied also owns a total of approximately 150 acres of buildable land in texas , california , massachusetts , israel and italy that could accommodate additional building space .', 'applied considers the properties that it owns or leases as adequate to meet its current and future requirements .', 'applied regularly assesses the size , capability and location of its global infrastructure and periodically makes adjustments based on these assessments. .']",AMAT/2014/page_35.pdf-1
"['the defined benefit pension plans 2019 trust and $ 130 million to our retiree medical plans which will reduce our cash funding requirements for 2007 and 2008 .', 'in 2007 , we expect to make no contributions to the defined benefit pension plans and expect to contribute $ 175 million to the retiree medical and life insurance plans , after giving consideration to the 2006 prepayments .', 'the following benefit payments , which reflect expected future service , as appropriate , are expected to be paid : ( in millions ) pension benefits benefits .']",LMT/2006/page_90.pdf-3
"[""middleton's reported cigars shipment volume for 2012 decreased 0.7% ( 0.7 % ) due primarily to changes in trade inventories , partially offset by volume growth as a result of retail share gains ."", ""in the cigarette category , marlboro's 2012 retail share performance continued to benefit from the brand-building initiatives supporting marlboro's new architecture ."", ""marlboro's retail share for 2012 increased 0.6 share points versus 2011 to 42.6% ( 42.6 % ) ."", 'in january 2013 , pm usa expanded distribution of marlboro southern cut nationally .', 'marlboro southern cut is part of the marlboro gold family .', ""pm usa's 2012 retail share increased 0.8 share points versus 2011 , reflecting retail share gains by marlboro and by l&m in discount ."", 'these gains were partially offset by share losses on other portfolio brands .', ""in the machine-made large cigars category , black & mild's retail share for 2012 increased 0.5 share points ."", 'the brand benefited from new untipped cigarillo varieties that were introduced in 2011 , black & mild seasonal offerings and the 2012 third-quarter introduction of black & mild jazz untipped cigarillos into select geographies .', 'in december 2012 , middleton announced plans to launch nationally black & mild jazz cigars in both plastic tip and wood tip in the first quarter of 2013 .', 'the following discussion compares smokeable products segment results for the year ended december 31 , 2011 with the year ended december 31 , 2010 .', 'net revenues , which include excise taxes billed to customers , decreased $ 221 million ( 1.0% ( 1.0 % ) ) due to lower shipment volume ( $ 1051 million ) , partially offset by higher net pricing ( $ 830 million ) , which includes higher promotional investments .', 'operating companies income increased $ 119 million ( 2.1% ( 2.1 % ) ) , due primarily to higher net pricing ( $ 831 million ) , which includes higher promotional investments , marketing , administration , and research savings reflecting cost reduction initiatives ( $ 198 million ) and 2010 implementation costs related to the closure of the cabarrus , north carolina manufacturing facility ( $ 75 million ) , partially offset by lower volume ( $ 527 million ) , higher asset impairment and exit costs due primarily to the 2011 cost reduction program ( $ 158 million ) , higher per unit settlement charges ( $ 120 million ) , higher charges related to tobacco and health judgments ( $ 87 million ) and higher fda user fees ( $ 73 million ) .', 'for 2011 , total smokeable products shipment volume decreased 4.0% ( 4.0 % ) versus 2010 .', ""pm usa's reported domestic cigarettes shipment volume declined 4.0% ( 4.0 % ) versus 2010 due primarily to retail share losses and one less shipping day , partially offset by changes in trade inventories ."", ""after adjusting for changes in trade inventories and one less shipping day , pm usa's 2011 domestic cigarette shipment volume was estimated to be down approximately 4% ( 4 % ) versus 2010 ."", 'pm usa believes that total cigarette category volume for 2011 decreased approximately 3.5% ( 3.5 % ) versus 2010 , when adjusted primarily for changes in trade inventories and one less shipping day .', ""pm usa's total premium brands ( marlboro and other premium brands ) shipment volume decreased 4.3% ( 4.3 % ) ."", ""marlboro's shipment volume decreased 3.8% ( 3.8 % ) versus 2010 ."", ""in the discount brands , pm usa's shipment volume decreased 0.9% ( 0.9 % ) ."", ""pm usa's shipments of premium cigarettes accounted for 93.7% ( 93.7 % ) of its reported domestic cigarettes shipment volume for 2011 , down from 93.9% ( 93.9 % ) in 2010 ."", ""middleton's 2011 reported cigars shipment volume was unchanged versus 2010 ."", ""for 2011 , pm usa's retail share of the cigarette category declined 0.8 share points to 49.0% ( 49.0 % ) due primarily to retail share losses on marlboro ."", ""marlboro's 2011 retail share decreased 0.6 share points ."", 'in 2010 , marlboro delivered record full-year retail share results that were achieved at lower margin levels .', 'middleton retained a leading share of the tipped cigarillo segment of the machine-made large cigars category , with a retail share of approximately 84% ( 84 % ) in 2011 .', ""for 2011 , middleton's retail share of the cigar category increased 0.3 share points to 29.7% ( 29.7 % ) versus 2010 ."", ""black & mild's 2011 retail share increased 0.5 share points , as the brand benefited from new product introductions ."", 'during the fourth quarter of 2011 , middleton broadened its untipped cigarillo portfolio with new aroma wrap 2122 foil pouch packaging that accompanied the national introduction of black & mild wine .', 'this new fourth- quarter packaging roll-out also included black & mild sweets and classic varieties .', 'during the second quarter of 2011 , middleton entered into a contract manufacturing arrangement to source the production of a portion of its cigars overseas .', 'middleton entered into this arrangement to access additional production capacity in an uncertain competitive environment and an excise tax environment that potentially benefits imported large cigars over those manufactured domestically .', ""smokeless products segment the smokeless products segment's operating companies income grew during 2012 driven by higher pricing , copenhagen and skoal's combined volume and retail share performance and effective cost management ."", 'the following table summarizes smokeless products segment shipment volume performance : shipment volume for the years ended december 31 .']",MO/2012/page_44.pdf-2
"['the goldman sachs group , inc .', 'and subsidiaries management 2019s discussion and analysis sensitivity measures certain portfolios and individual positions are not included in var because var is not the most appropriate risk measure .', 'other sensitivity measures we use to analyze market risk are described below .', '10% ( 10 % ) sensitivity measures .', 'the table below presents market risk for positions , accounted for at fair value , that are not included in var by asset category. .']",GS/2017/page_106.pdf-4
"['edwards lifesciences corporation notes to consolidated financial statements ( continued ) 7 .', 'acquisitions ( continued ) was recorded to goodwill .', 'the following table summarizes the fair values of the assets acquired and liabilities assumed ( in millions ) : .']",EW/2016/page_79.pdf-4
"['during the fourth quarter of 2010 , schlumberger issued 20ac1.0 billion 2.75% ( 2.75 % ) guaranteed notes due under this program .', 'schlumberger entered into agreements to swap these euro notes for us dollars on the date of issue until maturity , effectively making this a us denominated debt on which schlumberger will pay interest in us dollars at a rate of 2.56% ( 2.56 % ) .', 'during the first quarter of 2009 , schlumberger issued 20ac1.0 billion 4.50% ( 4.50 % ) guaranteed notes due 2014 under this program .', 'schlumberger entered into agreements to swap these euro notes for us dollars on the date of issue until maturity , effectively making this a us dollar denominated debt on which schlumberger will pay interest in us dollars at a rate of 4.95% ( 4.95 % ) .', '0160 on april 17 , 2008 , the schlumberger board of directors approved an $ 8 billion share repurchase program for shares of schlumberger common stock , to be acquired in the open market before december 31 , 2011 .', 'on july 21 , 2011 , the schlumberger board of directors approved an extension of this repurchase program to december 31 , 2013 .', 'schlumberger had repurchased $ 7.12 billion of shares under this program as of december 31 , 2012 .', 'the following table summarizes the activity under this share repurchase program during 2012 , 2011 and 2010 : ( stated in thousands except per share amounts ) total cost of shares purchased total number of shares purchased average price paid per share .']",SLB/2012/page_44.pdf-3
"['the fair value of the psu award at the date of grant is amortized to expense over the performance period , which is typically three years after the date of the award , or upon death , disability or reaching the age of 58 .', 'as of december 31 , 2017 , pmi had $ 34 million of total unrecognized compensation cost related to non-vested psu awards .', 'this cost is recognized over a weighted-average performance cycle period of two years , or upon death , disability or reaching the age of 58 .', 'during the years ended december 31 , 2017 , and 2016 , there were no psu awards that vested .', 'pmi did not grant any psu awards during note 10 .', 'earnings per share : unvested share-based payment awards that contain non-forfeitable rights to dividends or dividend equivalents are participating securities and therefore are included in pmi 2019s earnings per share calculation pursuant to the two-class method .', 'basic and diluted earnings per share ( 201ceps 201d ) were calculated using the following: .']",PM/2017/page_99.pdf-1
